{"modifiedDate":"2025-03-29T15:28:04Z","dataResult":{"dataSourceID":"DD5C0ED7-5AE5-4A27-9F1B-1112C38CBF8B","createdDate":"2025-03-29T15:27:39Z","dataURL":"file:\/\/\/Users\/egkhor\/Desktop\/employee_data.csv"},"version":"1.0","activityEntities":["dataSourceTrainingStarted",[{"id":"DC659EAA-6F02-4712-96ED-55F7D19A9DFD","event":"dataSourceTrainingStarted","createdDate":"2025-03-29T15:28:04Z","subtitle":"RetentionModel 1","title":"Used By"}],"dataSourceMetrics",[{"id":"2E1AE2B8-CB35-4D6E-9DCD-558631AB4ACE","event":"dataSourceMetrics","createdDate":"2025-03-29T15:28:04Z","subtitle":"2 Classes, 13 Items","title":"Data Summary"}]],"pathType":0,"id":"DD5C0ED7-5AE5-4A27-9F1B-1112C38CBF8B","preferredFilename":"employee_data","dataURL":"file:\/\/\/Users\/egkhor\/Desktop\/employee_data.csv","createdDate":"2025-03-29T15:27:39Z","experimentIDs":["D6F3E476-7384-4CA1-9413-8C8CDF064354"],"title":"employee_data.csv","dataPathRelativeToProjectURL":"..\/employee_data.csv\/"}