{"modifiedDate":"2025-03-29T23:52:32Z","state":"trained","evaluationState":"uninitialized","preferredFilename":"RetentionModel","validationEntity":{"dataResult":{"createdDate":"2025-03-29T15:27:39Z"},"analysedDataType":"auto"},"snapshotRole":{"withoutSnapshots":0},"contentDataResult":{"createdDate":"2025-03-29T15:27:39Z"},"modelEntity":{"modifiedDate":"2025-03-29T15:27:00Z","modelURL":"Models\/RetentionModel.mlmodel\/","title":"","preferredFilename":"","experimentID":"D6F3E476-7384-4CA1-9413-8C8CDF064354","createdDate":"2025-03-29T15:27:00Z","version":"1.0","id":"53BA2413-FC7F-4228-B5E2-B378A48D7A60"},"evaluationEntity":{"id":"a35d7440-6c47-4ea2-8265-10c72a35a13e","dataResult":{},"analysedDataType":"none"},"title":"RetentionModel 1","trainingEntity":{"snapshottableCheckpoints":{},"featureExtractionCheckpointMayBeAvailable":false,"trainingAccuracy":1,"startTime":"2025-03-29T15:28:04Z","analysedDataType":"datasource","dataResult":{"columnValues":["30, 45, 28, 35, 50, 28, 31, 30, 45, 28, 35, 50, 28","5, 10, 2, 3, 15, 3, 7, 5, 10, 2, 3, 15, 3","5, 2, 10, 8, 1, 9, 9, 5, 2, 10, 8, 1, 9","1, 2, 0, 1, 3, 4, 2, 1, 2, 0, 1, 3, 5","0, 0, 1, 1, 0, 1, 0, 0, 0, 1, 1, 0, 1"],"classesCount":2,"columns":["age","tenure","absenteeism","promotions","risk"],"itemsCount":13,"dataAnalysis":{"summary":{"classCount":2,"canUseValidation":0,"sampleCount":13},"classifierAnalysis":{},"objectDetectorAnalysis":{"details":{}},"issues":[{"description":"Data has 13 rows","severity":"info"}]},"dataURL":"file:\/\/\/Users\/egkhor\/Desktop\/employee_data.csv","createdDate":"2025-03-29T15:27:39Z","columnTypes":["Int","Int","Int","Int","Int"],"dataSourceID":"DD5C0ED7-5AE5-4A27-9F1B-1112C38CBF8B"},"validationAccuracy":1,"dataSourceID":"DD5C0ED7-5AE5-4A27-9F1B-1112C38CBF8B","checkpointMetrics":{},"finishTime":"2025-03-29T15:28:04Z","progress":[],"trainingResults":{"generalClassifier":{"accuracy":1,"statsByLabel":{"0":{"count":6,"precisionRecall":{"success":{"recall":1,"precision":1}}},"1":{"count":6,"precisionRecall":{"success":{"recall":1,"precision":1}}}},"confusionMatrix":[]}},"validationResults":{"generalClassifier":{"statsByLabel":{"0":{"count":1,"precisionRecall":{"success":{"precision":1,"recall":1}}}},"confusionMatrix":[],"accuracy":1}}},"createdDate":"2025-03-29T15:27:00Z","id":"D6F3E476-7384-4CA1-9413-8C8CDF064354","activityEntities":["trainingStarted",[{"subtitle":"RetentionModel","title":"Training Started","id":"AD2706EA-42BF-4EDE-88AD-FFDEE1255086","event":"trainingStarted","createdDate":"2025-03-29T15:28:04Z"}],"trainingDataAdded",[{"subtitle":"employee_data.csv","title":"Training Data Added","id":"0E536B2A-571D-4B0D-991A-8790BF1EEBE1","event":"trainingDataAdded","createdDate":"2025-03-29T15:27:39Z"}],"trainingFinished",[{"subtitle":"10 iterations","title":"Training Completed","id":"1441C120-4285-4D56-A252-9202C4ACC0D0","event":"trainingFinished","createdDate":"2025-03-29T15:28:04Z"}],"experimentCreated",[{"subtitle":"RetentionModel","title":"Model Source Created","id":"122474A5-9C97-4180-AA61-32DC68D45DF5","event":"experimentCreated","createdDate":"2025-03-29T15:27:00Z"}]],"settingEntity":{"harVideoAugmentations":0,"algorithmType":"maxEnt","targetColumn":"risk","seedType":"default","transferLearningEmbeddingType":"dynamic","taskType":"generalClassifier","suggestedColumns":["age","tenure","absenteeism","promotions","risk"],"handActionClassifierAugmentations":[],"suggestedColumnTypes":["Int","Int","Int","Int","Int"],"featureNames":["age","tenure","absenteeism","promotions"],"augmentations":[],"generalClassifierType":{"logisticRegressionClassifier":{"l2Penalty":0.01,"l1Penalty":0,"convergenceThreshold":0.01,"featureRescaling":true,"stepSize":1}},"handPoseClassifierAugmentations":[],"suggestedColumnValues":["30, 45, 28, 35, 50, 28, 31, 30, 45, 28, 35, 50, 28","5, 10, 2, 3, 15, 3, 7, 5, 10, 2, 3, 15, 3","5, 2, 10, 8, 1, 9, 9, 5, 2, 10, 8, 1, 9","1, 2, 0, 1, 3, 4, 2, 1, 2, 0, 1, 3, 5","0, 0, 1, 1, 0, 1, 0, 0, 0, 1, 1, 0, 1"],"styleTransferAlgorithmType":"image"},"evaluationContainerEntity":{"id":"813eb530-5e44-4a9a-86e2-988e5cda54bf","testingEvaluationEntity":{"analysedDataType":"none","dataResult":{"createdDate":"2025-03-29T15:27:39Z"},"createdDate":"2025-03-29T15:27:00Z","id":"283b479e-b9f1-49f0-848f-ed07a9197e2c"},"evaluationEntities":[{"createdDate":"2025-03-29T23:45:19Z","id":"284761c3-3660-41ae-8361-e33e8a70cffe","dataResult":{"createdDate":"2025-03-29T23:52:07Z"},"analysedDataType":"none"}],"trainingEvaluationEntity":{"evaluationResult":{"generalClassifier":{"statsByLabel":{"1":{"count":6,"precisionRecall":{"success":{"precision":1,"recall":1}}},"0":{"count":6,"precisionRecall":{"success":{"precision":1,"recall":1}}}},"accuracy":1,"confusionMatrix":[]}},"analysedDataType":"none","dataResult":{"classesCount":2,"dataURL":"file:\/\/\/Users\/egkhor\/Desktop\/employee_data.csv","itemsCount":13,"dataAnalysis":{"issues":[{"description":"Data has 13 rows","severity":"info"}],"objectDetectorAnalysis":{"details":{}},"classifierAnalysis":{},"summary":{"classCount":2,"sampleCount":13,"canUseValidation":0}},"createdDate":"2025-03-29T15:27:39Z","dataSourceID":"DD5C0ED7-5AE5-4A27-9F1B-1112C38CBF8B"},"createdDate":"2025-03-29T15:27:00Z","id":"a3d76740-6661-4a6c-901a-e5feada4e3fc","dataSourceID":"DD5C0ED7-5AE5-4A27-9F1B-1112C38CBF8B"},"previewType":"tabularClassifier","createdDate":"2025-03-29T23:52:32Z","validationEvaluationEntity":{"evaluationResult":{"generalClassifier":{"confusionMatrix":[],"accuracy":1,"statsByLabel":{"0":{"precisionRecall":{"success":{"recall":1,"precision":1}},"count":1}}}},"analysedDataType":"auto","dataResult":{"createdDate":"2025-03-29T15:27:39Z"},"createdDate":"2025-03-29T15:27:00Z","id":"f842dc18-d259-4b9a-b8de-79132c237645"},"modifiedDate":"2025-03-29T23:52:32Z"},"version":"1.0"}